Day,Stock_A,Stock_B,Stock_C,Stock_D,Stock_E,Stock_A_Volume,Stock_B_Volume,Stock_C_Volume,Stock_D_Volume,Stock_E_Volume,Stock_A_Momentum_10d,Stock_B_Momentum_10d,Stock_C_Momentum_10d,Stock_D_Momentum_10d,Stock_E_Momentum_10d,Interest_Rate,Economic_Growth,Inflation
0,97.22149252,61.95942459,121.3244787,126.0785049,106.1277198,1307434,952769,1488919,689973,1739614,0,0,0,0,0,2.874540119,2.242765365,2.969584628
1,94.27283365,62.28189365,123.2938008,122.1884746,104.4704931,1231402,739495,1221087,621484,1451836,0,0,0,0,0,2.874540119,2.242765365,2.969584628
2,94.97848476,63.61306542,123.3785205,121.0427019,104.1962172,1470835,608995,1171783,671208,1489343,0,0,0,0,0,2.874540119,2.242765365,2.969584628
3,96.47020394,63.26527649,121.7081136,120.2996873,102.6598752,1353073,599613,1016778,652293,1401451,0,0,0,0,0,2.874540119,2.242765365,2.969584628
4,96.67119832,64.34220671,122.4316817,119.9324102,102.2129891,1045660,371701,726983,469611,1038761,0,0,0,0,0,2.874540119,2.242765365,2.969584628
5,95.12694744,64.96423409,122.3031855,119.683814,107.5518381,809540,345538,541290,342920,743125,0,0,0,0,0,2.874540119,2.242765365,2.969584628
6,95.50658781,64.54232415,121.430213,121.5806751,107.7737053,844259,345538,541290,296480,1219471,0,0,0,0,0,2.874540119,2.242765365,2.969584628
7,94.10282554,65.18806498,120.0602397,124.7129179,109.6650007,919317,345538,541290,331913,1213774,0,0,0,0,0,2.874540119,2.242765365,2.969584628
8,93.71895023,66.07376725,120.2395776,126.1883904,110.5404633,913173,358211,566264,424916,1408168,0,0,0,0,0,2.874540119,2.242765365,2.969584628
9,92.93855574,65.71599562,122.4604009,125.6669033,109.8656173,747598,345538,541290,330782,1088260,0,0,0,0,0,2.874540119,2.242765365,2.969584628
10,92.05633277,66.04705533,126.9956835,123.9270127,109.937078,602727,345538,541290,231295,802120,-5.312775619,6.597270331,4.674411015,-1.706470265,3.589409258,2.874540119,2.242765365,2.969584628
11,93.54482968,66.05658757,128.0452359,122.2152636,110.7175122,677487,345538,777213,253718,704185,-0.772230923,6.060660169,3.853750214,0.021924337,5.979697157,2.874540119,2.242765365,2.969584628
12,93.42379183,66.76003726,130.7699169,126.5732562,111.7693369,730832,345538,678350,276556,788658,-1.636889593,4.947052661,5.990829192,4.569093552,7.268133038,2.874540119,2.242765365,2.969584628
13,93.82469987,66.94917703,130.002996,127.189738,111.2774417,720086,345538,809792,354415,901301,-2.742301726,5.822942291,6.815389801,5.727405283,8.394288886,2.874540119,2.242765365,2.969584628
14,94.06926621,67.87902804,127.7759146,129.1970351,113.6547898,601242,345538,615841,271682,730054,-2.691527729,5.49689156,4.365073528,7.724871798,11.19407695,2.874540119,2.242765365,2.969584628
15,94.01857997,66.5378497,126.4621996,131.5024247,113.644731,510828,345538,541290,231295,730131,-1.165145628,2.422279951,3.400577054,9.874861311,5.665075539,2.874540119,2.242765365,2.969584628
16,93.08351716,66.26800888,128.3704468,132.5175701,113.2464655,510828,405800,544981,251677,645094,-2.537071744,2.673725733,5.715409365,8.995586629,5.078010622,2.874540119,2.242765365,2.969584628
17,92.78596938,66.07413682,126.359849,135.463749,112.7006897,562238,345538,573017,266137,666489,-1.399380048,1.359254705,5.247040461,8.620463112,2.768147541,2.874540119,2.242765365,2.969584628
18,94.08516834,67.12874723,128.6215053,134.7272193,113.4538182,590318,345538,635859,314264,648109,0.390762062,1.596669938,6.971022248,6.766730918,2.635555173,2.874540119,2.242765365,2.969584628
19,94.13375033,66.5953977,129.3944108,132.6590572,115.6430813,510828,345538,541290,231295,576458,1.286005129,1.338185749,5.66224663,5.564037747,5.258664309,2.874540119,2.242765365,2.969584628
20,93.73850238,66.78710126,130.0806595,132.2497015,116.7566466,510828,345538,541290,231295,592531,1.827326343,1.120482857,2.429197477,6.715798785,6.203156162,2.874540119,2.242765365,2.969584628
21,93.33261063,67.42493684,127.09483,132.5191691,120.4358935,510828,345538,541290,231295,589175,-0.226863469,2.071480416,-0.742242312,8.430948142,8.777636989,2.874540119,2.242765365,3.035176123
22,92.40074045,67.04326619,128.2821744,132.8802245,121.1435475,520033,375763,773601,231295,793032,-1.095065138,0.424249201,-1.902381356,4.982860098,8.387104105,2.874540119,2.242765365,3.035176123
23,92.95914277,67.52507446,130.8297193,133.6528743,120.7134232,595969,345625,803910,231295,778296,-0.922525837,0.86020091,0.635926325,5.081491968,8.479689475,2.874540119,2.242765365,3.035176123
24,93.70586438,68.8630445,130.5609905,131.9560038,122.8839958,510828,345538,682747,231295,576458,-0.386313031,1.449661979,2.179656394,2.135473671,8.120384563,2.874540119,2.242765365,3.035176123
25,93.64930907,67.46760565,132.5419926,131.0467048,122.7399071,510828,345538,541290,231295,597568,-0.39276375,1.397333921,4.807597073,-0.346548649,8.003165707,2.874540119,2.242765365,3.035176123
26,94.05815762,67.65888104,134.2399908,130.3258645,123.7783343,548523,395937,579724,231295,576458,1.047060205,2.098859141,4.572348328,-1.653898095,9.299953608,2.874540119,2.242765365,3.035176123
27,93.86234082,68.21601143,135.7379829,128.7401295,125.9629729,550764,349676,618947,231295,576458,1.160058412,3.241623294,7.421767203,-4.963408719,11.76770372,2.874540119,2.242765365,3.035176123
28,93.38902037,68.82491605,136.6528554,131.9925907,125.5519713,510828,345538,689334,234942,662573,-0.739912545,2.526739872,6.244173556,-2.029752134,10.66350452,2.874540119,2.242765365,3.035176123
29,93.10404818,68.87909613,135.9716472,133.4520349,122.4098389,510828,345538,541290,231295,576458,-1.093871375,3.429213591,5.083091532,0.597756202,5.851415805,2.874540119,2.242765365,3.035176123
30,92.11623671,68.22069838,138.2858934,136.5884016,122.239674,510828,345538,541290,231295,576458,-1.730628967,2.146517946,6.307804676,3.280688035,4.696115852,2.874540119,2.242765365,3.035176123
31,92.0258112,68.33452156,141.1658639,134.9498766,122.7397928,603090,384910,617767,310243,576458,-1.400153088,1.349033105,11.07128744,1.834230916,1.912967355,2.874540119,2.242765365,3.035176123
32,93.06957319,68.73769587,141.6763293,136.8137474,117.6227267,557218,345538,803061,285246,576458,0.723839156,2.527367453,10.44116608,2.960201891,-2.906321319,2.874540119,2.242765365,3.035176123
33,93.82290488,68.36137782,137.2587858,137.794967,120.2463894,568735,345538,769332,305647,1017448,0.929184669,1.238507855,4.914071958,3.099142275,-0.386894695,2.874540119,2.242765365,3.035176123
34,93.73632773,69.06834278,141.2456918,140.2771883,123.4461853,510828,345538,786281,237983,987807,0.032509544,0.298125477,8.183685838,6.30602944,0.457496085,2.9716934,2.242765365,3.035176123
35,94.54968532,69.18245083,137.4060996,139.8500734,121.8385484,510828,345538,777602,231295,942416,0.961433949,2.541731198,3.669861125,6.717733658,-0.734364866,2.9716934,2.242765365,3.035176123
36,96.854819,69.12246757,137.7621328,140.9265934,121.9537077,527901,345538,937403,231295,907266,2.973332081,2.163184638,2.623765098,8.134017696,-1.474108193,2.9716934,2.242765365,3.035176123
37,98.70217582,68.76251407,138.2854198,139.5595207,119.4579169,650086,345538,861008,231295,770916,5.156311843,0.801135436,1.876731069,8.404054979,-5.164260504,2.9716934,2.242765365,3.035176123
38,98.11639984,68.79772536,137.3092623,138.3098791,116.8539429,748499,345538,826573,241099,988942,5.062029188,-0.039507053,0.480346311,4.786093222,-6.927830981,2.9716934,2.242765365,3.035176123
39,98.08988554,67.84804522,139.2106766,138.5001518,114.2150521,628068,345538,622928,231295,879228,5.355124134,-1.496899602,2.38213594,3.78272007,-6.694549127,2.9716934,2.242765365,3.035176123
40,97.82479933,67.40720054,140.0540357,141.0519706,110.8981932,510828,345538,541290,231295,855646,6.197129649,-1.192450181,1.278613664,3.267897522,-9.278068589,2.9716934,2.242765365,3.035176123
41,98.00849461,67.36189271,141.7721602,141.4945351,109.6130384,522619,349043,541290,275044,1163802,6.501092821,-1.423334541,0.429492156,4.849695779,-10.69478288,2.9716934,2.242765365,3.035176123
42,97.72405973,66.90398201,144.5131306,141.5544249,112.9985703,510828,345538,625600,252906,1283845,5.00108293,-2.667697599,2.002311379,3.465059364,-3.931346078,2.9716934,2.242765365,3.299704434
43,97.7071533,66.50513,140.7965368,138.1877386,110.22434,513296,345538,738757,231295,1630160,4.139978851,-2.715345828,2.577431335,0.285040596,-8.334594842,2.9716934,2.242765365,3.299704434
44,98.04459438,66.90770245,137.009466,139.8768405,109.4136742,510828,345538,735315,231295,1362404,4.596154726,-3.128264339,-2.999189365,-0.285397618,-11.36731043,2.9716934,2.242765365,3.299704434
45,98.25028512,68.04905204,139.2262713,139.3895657,107.9082924,510828,345538,702222,231295,986384,3.913920804,-1.638274996,1.324665865,-0.329286711,-11.4333732,2.9716934,2.242765365,3.299704434
46,96.04095339,67.63818377,138.7751548,137.5752575,107.7138884,510828,439927,694554,231295,1139796,-0.840294386,-2.147324664,0.73534145,-2.378072011,-11.67641364,2.9716934,2.242765365,3.299704434
47,96.17099786,67.55525631,137.2539772,137.9042974,108.4996293,571599,438165,597546,268701,1066820,-2.564460143,-1.755691708,-0.745879464,-1.18603397,-9.173345645,2.9716934,2.242765365,3.299704434
48,95.09898813,68.57267571,137.0725325,137.9611527,109.7569366,512971,401216,609697,242823,956831,-3.075338799,-0.327117857,-0.172406287,-0.252134145,-6.073399115,2.9716934,2.242765365,3.299704434
49,95.38852336,69.29072033,137.8133263,136.8491071,110.4182856,510828,363344,541290,231295,789398,-2.753966077,2.126332612,-1.003766626,-1.192088728,-3.324226003,2.9716934,2.242765365,3.299704434
50,94.26882915,69.43299206,137.7846903,136.4899808,110.2229478,510828,345538,541290,231295,614890,-3.63503958,3.005304345,-1.620335604,-3.234261625,-0.608887632,2.9716934,2.242765365,3.299704434
51,92.42071269,69.12924179,138.0539917,136.8005746,108.4707576,510828,345538,541290,231295,624000,-5.7013241,2.623663031,-2.622636575,-3.317414721,-1.042103048,2.9716934,2.242765365,3.299704434
52,93.73967073,68.61088102,140.4602121,137.6004661,107.3929255,609976,345538,541290,231295,757943,-4.077183259,2.551266686,-2.804533004,-2.79324286,-4.960810371,2.9716934,2.242765365,3.299704434
53,95.61161369,67.8787729,142.7881975,139.4833891,106.2870794,654523,364388,615739,231295,770359,-2.144714623,2.065469092,1.414566539,0.937601624,-3.57204285,2.9716934,2.242765365,3.299704434
54,97.11145932,67.78221679,143.565308,139.9874993,106.0903284,531930,345538,561833,231295,683709,-0.951745553,1.307045839,4.784955515,0.079111565,-3.03741356,2.9716934,2.242765365,3.299704434
55,98.01812475,68.38177135,139.2943062,142.4763428,103.3574984,510828,345538,541290,231295,576458,-0.236294863,0.488940403,0.048866383,2.21449651,-4.217279224,2.9716934,2.242765365,3.299704434
56,99.16520727,69.21268922,136.717411,141.7085059,101.5873391,523934,367544,810619,296999,816493,3.253043385,2.327835196,-1.482789807,3.004354465,-5.687798806,2.9716934,2.242765365,3.299704434
57,98.98951052,69.07265747,138.6423757,144.2418327,103.8888809,561118,355692,961874,259127,884713,2.930730392,2.246162976,1.011554242,4.59560389,-4.249552199,2.9716934,2.242765365,3.299704434
58,98.44748415,69.00214103,134.6804687,142.7166999,105.5210475,574895,345538,989764,273688,1016719,3.521063775,0.626292197,-1.745108022,3.447019086,-3.859336076,2.9716934,2.242765365,3.299704434
59,100.234687,68.23550478,133.3470687,142.6878543,106.0189968,510828,345538,840836,231295,870751,5.080447289,-1.522881483,-3.240802425,4.266558441,-3.984203137,2.9716934,2.242765365,3.299704434
60,99.3838655,68.58094385,132.3290491,142.6626145,106.9641939,510828,345538,643812,231295,594376,5.426010269,-1.227151804,-3.959540905,4.522407854,-2.956511275,3.200147878,2.242765365,3.299704434
61,99.40959454,68.35170253,132.1614373,142.4897018,106.3628831,595558,345538,642198,231295,603246,7.562029821,-1.124761739,-4.268297031,4.158701259,-1.943265275,3.200147878,2.242765365,3.299704434
62,99.15128596,69.49783562,133.5535104,141.9270317,107.5683888,591262,345538,541290,231295,633381,5.77302565,1.29273169,-4.917194437,3.144295772,0.163384442,3.200147878,2.242765365,3.299704434
63,98.80211636,70.34733849,134.4781924,141.7176165,108.3466253,617094,414839,541290,231295,692070,3.336940505,3.636726898,-5.819812288,1.60178745,1.937719916,3.200147878,1.692216487,2.996978831
64,97.15037335,69.61333282,131.7735361,141.9915419,111.378192,510828,362322,541290,231295,576458,0.040071517,2.701469675,-8.213524626,1.431586841,4.984303157,3.200147878,1.692216487,2.996978831
65,99.53135434,70.09633658,133.0013111,138.601004,110.4379344,510828,345538,541290,231295,588166,1.543826308,2.507342528,-4.51776907,-2.719987559,6.850432805,3.200147878,1.692216487,2.996978831
66,98.69884447,69.71304287,132.6853534,137.7273812,107.0397917,582482,345538,565064,322118,615826,-0.470288742,0.722921848,-2.949190983,-2.809375992,5.367255992,3.200147878,1.692216487,2.996978831
67,99.51480123,69.03035401,133.3114873,141.6107398,105.5072096,574803,345538,541290,321556,930897,0.530652904,-0.061244875,-3.845064197,-1.824084484,1.557749661,3.200147878,1.692216487,2.996978831
68,96.84381055,68.88423195,135.9701136,145.3776712,103.4855212,594504,354261,541290,395175,948948,-1.628963521,-0.170877414,0.957558905,1.864512888,-1.929024011,3.200147878,1.692216487,2.996978831
69,97.37389038,68.61257886,135.7906734,150.6223703,101.0611361,620955,345538,541290,323213,740278,-2.854098434,0.552606858,1.832514753,5.560750838,-4.676388959,3.200147878,1.692216487,2.996978831
70,97.64519652,68.9761024,138.4585734,150.8076994,101.5689592,510828,345538,541290,301075,733655,-1.749447939,0.576192938,4.63203229,5.709333864,-5.043963357,3.200147878,1.692216487,2.996978831
71,97.24668643,69.2081054,137.7101417,152.070636,100.9912801,510828,345538,645918,240037,786729,-2.175753882,1.252935683,4.198429226,6.723948554,-5.050260757,3.200147878,1.692216487,2.996978831
72,97.65335429,69.2326791,140.5202346,151.9631564,98.20433918,523311,345538,605660,248045,790363,-1.510753649,-0.381532055,5.216429166,7.071327115,-8.705205821,3.200147878,1.692216487,2.996978831
73,99.00860975,68.65948019,138.9976915,150.7585935,100.3807717,510828,345538,776148,231295,930833,0.208996931,-2.399320764,3.360767247,6.37957171,-7.352193544,3.200147878,1.692216487,2.996978831
74,96.75577812,70.86294407,141.6580193,151.2007397,100.3072464,510828,345538,633748,231295,802839,-0.406169545,1.795074592,7.501114075,6.485736922,-9.939958075,3.200147878,1.692216487,2.996978831
75,97.06596249,71.2718503,143.340907,152.3320868,100.4627407,510828,392369,565862,231295,610587,-2.477000203,1.676997373,7.774055651,9.906914444,-9.032397965,3.200147878,1.692216487,2.996978831
76,96.87176281,71.20984061,142.9275023,154.6675408,101.4256862,540993,361820,625868,231295,576458,-1.851168231,2.147084211,7.719125469,12.29977617,-5.244877065,3.200147878,1.692216487,2.996978831
77,93.84472975,71.7179545,143.4916021,154.6184171,100.8152852,584425,345538,541290,283601,637013,-5.697716736,3.893360439,7.636337249,9.185516108,-4.447017801,3.200147878,1.692216487,2.996978831
78,94.99637443,72.44013695,141.6389661,155.4523872,99.28710053,718106,359714,541290,249809,628455,-1.907645005,5.162146534,4.169190115,6.930029884,-4.057012619,3.200147878,1.692216487,2.996978831
79,93.60033662,72.04399206,143.8594664,157.4462699,100.1120995,593352,345538,541290,231295,576458,-3.875324017,5.00114303,5.942081859,4.530468881,-0.939071785,3.200147878,1.692216487,2.996978831
80,94.34298961,72.45817901,142.3304297,158.3533489,101.4036313,552882,345538,541290,231295,576458,-3.381842655,5.048236258,2.796400514,5.003490906,-0.162773988,3.200147878,1.692216487,2.996978831
81,95.12436064,73.35958263,144.1723973,159.0956262,103.1524333,613583,345538,543194,241411,690052,-2.1824145,5.998541952,4.692650503,4.619557338,2.139940353,3.200147878,1.692216487,2.996978831
82,95.10424438,72.77385369,143.8390394,157.5077391,102.0675445,639243,345538,541944,238826,832674,-2.610365951,5.114888864,2.361798473,3.648636192,3.933843793,3.200147878,1.692216487,2.996978831
83,94.96149737,72.25571822,143.1436645,153.5508624,102.4264729,670167,349370,541290,258022,819473,-4.087636814,5.237788024,2.982763955,1.85214577,2.037941283,3.200147878,1.692216487,2.996978831
84,94.9890256,71.70978448,144.8885998,155.5246108,99.86021932,510828,345538,541290,236881,576458,-1.825991744,1.19503984,2.280548925,2.85968908,-0.445657813,3.200147878,1.692216487,2.521990567
85,94.22262628,71.19615646,142.6073969,157.2818833,99.56110081,510828,345538,541290,231295,616111,-2.929282463,-0.106204397,-0.511724236,3.249345953,-0.897486837,3.200147878,1.692216487,2.521990567
86,93.97668803,69.83602826,144.2879641,154.7187668,99.66653366,510828,345538,567580,245662,595928,-2.988564159,-1.929245077,0.951854449,0.033120105,-1.734425065,3.200147878,1.692216487,2.521990567
87,94.28230565,70.80790828,141.1158394,148.6088087,99.9681224,511345,403686,589330,256619,576458,0.466276478,-1.268923835,-1.655680616,-3.886735134,-0.840311834,3.200147878,1.692216487,2.521990567
88,96.14869728,71.7040438,141.7155482,147.6502499,101.2633217,550843,427556,719814,416227,576458,1.213017713,-1.01613992,0.054068537,-5.018988415,1.990410766,3.200147878,1.692216487,2.521990567
89,95.16552994,72.06906764,143.055948,149.7938654,105.8026128,510828,345538,541290,284535,576458,1.672209069,0.034805924,-0.558543965,-4.860327596,5.6841414,3.200147878,1.692216487,2.521990567
90,95.59251081,71.73924644,143.0729642,146.3073908,104.653814,510828,345538,541290,251330,842356,1.324445207,-0.992203473,0.521697678,-7.607011946,3.205193595,3.200147878,1.692216487,2.521990567
91,95.19189764,71.3979347,143.5326997,144.7274677,106.5399911,510828,345538,541290,303808,926248,0.070998636,-2.674017309,-0.443703234,-9.031146174,3.284030973,3.200147878,1.692216487,2.521990567
92,95.21485216,71.41976024,142.7932189,145.0555958,107.9529573,562589,345538,541290,294578,1114244,0.116301621,-1.860686753,-0.727076943,-7.905734255,5.766194153,3.200147878,1.692216487,2.521990567
93,94.34553205,70.98793754,142.1173349,142.482275,106.5693132,576060,345538,541290,285714,1077621,-0.648647431,-1.754574881,-0.716992651,-7.208417614,4.044696822,3.200147878,1.692216487,2.521990567
94,93.88419193,71.63604447,142.8592367,142.877477,108.0297229,510828,345538,541290,239046,936442,-1.163117176,-0.102831176,-1.400636828,-8.131917981,8.180938963,3.200147878,1.692216487,2.521990567
95,93.76672881,71.94492121,142.6882285,143.4109386,107.0478484,510828,345538,541290,231295,711085,-0.483851369,1.051692659,0.056681248,-8.81916243,7.519751736,3.200147878,1.692216487,2.521990567
96,91.35100965,71.8792083,146.3718394,145.2342955,108.7104279,529305,345538,541290,231295,739992,-2.79396777,2.925681901,1.444247451,-6.130136325,9.074153459,3.200147878,1.692216487,2.521990567
97,92.603404,71.97197794,146.9664293,144.0653087,108.1781208,652335,345538,718491,259428,887118,-1.780717636,1.643982554,4.145948422,-3.057355795,8.212616429,3.200147878,1.692216487,2.521990567
98,93.23845101,72.86117616,146.6919056,143.2167111,108.1888711,702478,345538,585311,245377,828095,-3.026818209,1.613761661,3.511511241,-3.002730346,6.839148956,3.185954728,1.692216487,2.521990567
99,93.86993631,71.86195342,141.0037129,142.1902596,106.1250446,578298,345538,541290,231295,576458,-1.361410612,-0.287382963,-1.43456822,-5.076046182,0.304748423,3.185954728,1.692216487,2.521990567
100,93.37491992,71.78755019,139.979865,145.0111374,106.6867856,510828,345538,662324,231295,576458,-2.319837477,0.067332392,-2.161903361,-0.885979415,1.942568071,3.185954728,1.692216487,2.521990567
101,93.69725651,72.25914501,137.2985969,147.0667316,106.5684409,510828,345538,658443,292216,576458,-1.570134821,1.206211807,-4.343332838,1.616323372,0.026703393,3.185954728,1.692216487,2.521990567
102,94.40643678,71.5312565,133.6992547,148.7208018,107.2180483,510828,345538,813216,324657,576458,-0.849043355,0.156114027,-6.368624692,2.526759447,-0.680767829,3.185954728,1.692216487,2.521990567
103,93.51501346,70.95246853,136.4277919,146.3942873,110.0588915,510828,380537,989477,326522,605466,-0.880294568,-0.049964838,-4.003412405,2.745613316,3.274468263,3.185954728,1.692216487,2.521990567
104,92.6317328,71.42811603,135.7253575,147.6115176,109.1236572,510828,345538,739655,257652,672647,-1.33404687,-0.29025673,-4.993642215,3.313356793,1.012623425,3.185954728,1.692216487,2.521990567
105,92.48861395,71.49560174,133.4437971,149.1017101,108.2526031,510828,345538,541290,231295,576458,-1.363079288,-0.624532586,-6.478762495,3.96815725,1.125435644,3.185954728,1.692216487,2.754100692
106,92.27665675,70.83814531,127.6742118,148.7323039,112.487724,519650,345538,647434,231359,622079,1.013286109,-1.44835066,-12.77406068,2.408527834,3.474640152,3.185954728,1.692216487,2.754100692
107,93.07974598,70.86018862,127.1589884,148.7924304,113.4801998,510828,374722,1069341,231295,877087,0.51438927,-1.544753044,-13.47752754,3.281235247,4.901248874,3.185954728,1.692216487,2.754100692
108,91.91850191,71.68262134,128.8297784,150.2471315,114.286813,516300,345538,985059,231295,824900,-1.415670334,-1.617534725,-12.17662773,4.908938631,5.636385572,3.185954728,1.692216487,2.754100692
109,91.95424003,72.19735293,130.2335881,149.5465445,113.2646298,510828,345538,792528,231295,694640,-2.040798535,0.466727521,-7.638185217,5.173550496,6.727521475,3.185954728,1.692216487,2.754100692
110,92.07617105,73.34874773,127.5114845,146.6470263,113.575677,510828,345538,586337,231295,576458,-1.390896909,2.174746919,-8.907267096,1.128112583,6.457117765,3.185954728,1.692216487,2.754100692
111,92.1457461,73.51505898,128.1252837,146.2227556,116.3053355,510828,406793,740142,272110,576458,-1.655876032,1.738069238,-6.681286889,-0.573872818,9.136752386,3.185954728,1.692216487,2.754100692
112,90.57800366,72.95877017,127.9633175,143.0428515,115.9950479,536234,345538,631349,255966,721923,-4.05526705,1.995650214,-4.290178902,-3.817858834,8.186121453,3.185954728,1.692216487,2.754100692
113,92.2364731,73.01379765,128.5504086,140.6581853,114.8807995,639815,345538,586768,315750,709090,-1.367203315,2.905225367,-5.774031244,-3.918255376,4.381207118,3.185954728,1.692216487,2.754100692
114,91.88025956,72.82377475,131.52539,141.7255938,112.8862577,567714,345538,541290,242374,595805,-0.811248175,1.953934674,-3.094460478,-3.98744209,3.448015385,3.185954728,1.692216487,2.754100692
115,92.14395033,73.22265778,134.2460856,144.7756238,111.0978398,510828,345538,541290,231295,576458,-0.372655188,2.415611592,0.601218268,-2.901433082,2.628330988,3.185954728,1.692216487,2.754100692
116,91.3550547,72.3613522,133.7703644,145.6938515,112.8640497,550551,345538,624922,300831,654271,-0.998738012,2.150263652,4.774772083,-2.04290016,0.334548164,3.185954728,1.692216487,2.754100692
117,91.29743167,72.1728581,134.1939794,144.0832687,116.6797645,612131,392374,583456,313703,779988,-1.914825067,1.852478099,5.532437108,-3.164920184,2.8194916,3.185954728,1.692216487,2.754100692
118,89.74319868,72.34457746,139.100296,144.111074,116.3435037,532565,366206,541290,324092,1033895,-2.366556449,0.92345412,7.972161232,-4.08397649,1.799587085,3.185954728,1.692216487,2.754100692
119,89.41279253,72.25353144,142.5515102,139.9113059,119.2201337,510828,345538,646778,231295,698499,-2.763817632,0.077812418,9.458329695,-6.442969733,5.258043855,3.185954728,1.692216487,2.754100692
120,88.06329158,72.10116118,141.5563472,141.0314629,116.2494245,510828,345538,677627,232618,718323,-4.358217136,-1.700896865,11.01458644,-3.829306025,2.354155002,3.185954728,1.692216487,2.754100692
121,88.53546236,73.59249528,138.274376,141.4137219,115.0501807,609613,345538,686882,250995,845382,-3.918014548,0.105333929,7.921225192,-3.288840801,-1.079189355,3.046630513,1.692216487,2.754100692
122,88.97612917,73.65349678,136.7860126,142.3623248,118.407745,579684,415865,787840,242253,931966,-1.768502749,0.952218084,6.894706461,-0.475750281,2.080000071,3.046630513,1.692216487,2.754100692
123,88.82306656,74.21781432,133.7802563,140.5704036,119.3132799,626814,345538,721049,231295,1148510,-3.700712338,1.649026229,4.068324432,-0.062407791,3.85833008,3.046630513,1.692216487,2.754100692
124,90.29618902,74.52305786,133.107939,140.5976263,116.9892639,513282,345538,688871,231295,793813,-1.724059718,2.333418051,1.203227027,-0.795881316,3.634637462,3.046630513,1.692216487,2.754100692
125,90.92151443,75.21535492,132.1014875,139.7361221,117.4987379,510828,345538,541290,231295,737665,-1.326658886,2.721421488,-1.59751258,-3.480904862,5.761496507,3.046630513,1.692216487,2.754100692
126,90.54976326,75.21642243,137.1100407,139.3255074,116.8578077,570515,355150,541290,231295,713011,-0.881496313,3.945573339,2.496574074,-4.371045146,3.538556395,3.046630513,2.103488943,2.592658194
127,89.9696473,75.81574232,136.7504415,138.1660984,119.3547692,523448,345538,882191,231295,671216,-1.454350189,5.047443489,1.905049764,-4.106771333,2.292603807,3.046630513,2.103488943,2.592658194
128,91.41065502,75.41694868,132.4331878,140.0900412,118.0888732,510828,345538,716918,231295,815038,1.858030876,4.246857645,-4.793022322,-2.790231648,1.500186412,3.046630513,2.103488943,2.592658194
129,92.24662142,74.01196692,134.5848976,137.8806854,119.4870701,510828,345538,765617,231295,626602,3.169377454,2.433701787,-5.588585215,-1.451362698,0.223902143,3.046630513,2.103488943,2.592658194
130,92.30697716,73.36447336,133.7115508,139.1993031,119.7099714,510828,345538,639873,231295,576458,4.818904115,1.752138466,-5.541818941,-1.299114222,2.976829321,3.046630513,2.103488943,2.592658194
131,92.94494712,74.85047564,130.1776964,142.3016517,119.9306687,524821,358650,597002,250200,576458,4.980472962,1.709386737,-5.85551695,0.627895083,4.242051559,3.046630513,2.103488943,2.592658194
132,92.09713916,73.92607222,129.8203386,144.1171284,119.712842,510828,405177,710929,297278,576458,3.507693597,0.370078073,-5.092387618,1.232632069,1.102205758,3.046630513,2.103488943,2.592658194
133,93.66718752,72.92020108,129.8643932,141.7682912,120.4275311,518081,447348,664891,298643,576458,5.453674533,-1.748385151,-2.927085971,0.852162044,0.933886947,3.046630513,2.103488943,2.592658194
134,94.62237741,72.66384106,124.1560848,142.1951113,121.2876921,510828,345538,541290,240261,576458,4.791108504,-2.494820873,-6.725259436,1.136210522,3.674207429,3.046630513,2.103488943,2.592658194
135,95.09040154,73.59931641,121.916731,143.5457205,123.6265863,510828,345538,671014,231295,576458,4.585149229,-2.148548684,-7.709796987,2.726280378,5.215246154,3.046630513,2.103488943,2.592658194
136,93.33135453,73.87701817,120.9123104,143.4364719,124.3336555,510828,362869,764030,231295,720244,3.071892372,-1.780733793,-11.81367187,2.9506187,6.397388338,3.046630513,2.103488943,2.592658194
137,92.89682472,73.43278624,121.0471092,141.4116849,122.2352585,620333,345538,742670,231295,747171,3.253516613,-3.14308877,-11.48320412,2.349046972,2.413384305,3.046630513,2.103488943,2.592658194
138,93.63198663,72.64972474,122.5235493,142.337282,118.9566373,573835,345538,624904,268380,906220,2.430057645,-3.669233484,-7.482745538,1.604140281,0.734839847,3.046630513,2.103488943,2.592658194
139,93.0000508,73.55292744,120.5002777,141.4998229,119.8531141,510828,345538,541290,231295,859621,0.816755535,-0.620223334,-10.46523062,2.624832813,0.306346082,3.046630513,2.103488943,2.592658194
140,93.84635071,73.4167521,119.3138073,144.2768593,123.2281439,510828,345538,541290,231295,673920,1.667667595,0.071258939,-10.76776342,3.64768797,2.938913456,3.046630513,2.103488943,2.592658194
141,94.89367378,73.52435794,117.7074253,142.7236612,124.2768725,510828,345538,601130,256607,860624,2.096646149,-1.771689076,-9.579422167,0.2965598,3.623930322,3.046630513,2.103488943,2.592658194
142,95.37927917,74.59592171,119.1087841,139.9206535,126.3927755,598499,345538,583133,268116,930833,3.56378064,0.906107232,-8.251060429,-2.911850237,5.579964072,3.046630513,2.103488943,2.592658194
143,94.40939264,74.35909448,119.6950706,143.7661211,132.8067303,544207,401868,560508,334608,917924,0.792385406,1.973243872,-7.83072425,1.409221937,10.27937639,3.046630513,2.103488943,2.592658194
144,95.09062173,74.26980201,120.8795111,145.544666,132.1590048,510828,345538,541290,279971,1014639,0.494855797,2.210123944,-2.639076206,2.355604707,8.963244729,3.046630513,2.103488943,2.592658194
145,97.00918449,74.48354595,121.9966075,146.9005722,133.0704509,510828,345538,541290,246280,777125,2.017851343,1.201409993,0.065517238,2.337131065,7.639023949,3.046630513,2.103488943,2.592658194
146,97.9419774,74.08053521,120.8745402,144.7894538,134.0264055,589578,345538,560662,231675,705686,4.940057815,0.275480848,-0.03123761,0.943262122,7.795757303,3.046630513,2.103488943,2.592658194
147,98.83877832,74.44574298,124.53542,144.8550074,135.4773373,621266,345538,604060,277251,664138,6.396293544,1.379433894,2.881779527,2.434963208,10.83327262,3.046630513,2.103488943,2.188654765
148,97.75604794,74.19862452,126.1111403,146.5908063,134.8717537,685123,345538,864481,241337,722236,4.404543209,2.132010527,2.928082784,2.988341655,13.37892264,2.959498793,2.103488943,2.188654765
149,97.75954132,73.13502312,125.3847239,148.4326404,136.133739,537117,345538,655423,231295,576458,5.117728941,-0.568168168,4.05347297,4.899523793,13.5838147,2.959498793,2.103488943,2.188654765
150,98.36441092,73.20154555,125.4571019,147.2030269,137.6730672,510828,345538,541290,231295,576458,4.814316352,-0.293130033,5.14885471,2.028161422,11.72209765,2.959498793,2.103488943,2.188654765
151,98.89582441,73.5931592,124.3691704,143.0958586,140.1164373,510828,345538,541290,233341,675274,4.217510482,0.093576151,5.659579282,0.260781833,12.74538412,2.959498793,2.103488943,2.188654765
152,98.46329704,73.00717364,125.9449837,142.4225282,142.5183827,544382,345538,574070,337610,732465,3.233425425,-2.129805532,5.739458885,1.788066744,12.75832983,2.959498793,2.103488943,2.188654765
153,99.2029088,73.53365559,123.0348934,144.8391183,143.1361752,515160,345538,599741,328021,755656,5.077372104,-1.110071189,2.790275952,0.746349178,7.77780233,2.959498793,2.103488943,2.188654765
154,98.89121338,73.67247025,119.3339741,145.7209131,140.8458806,510828,345538,591632,272570,580388,3.996810183,-0.804272721,-1.278576508,0.121094852,6.573048724,2.959498793,2.103488943,2.188654765
155,97.53458579,72.60990918,121.7429349,144.5808399,144.3404112,510828,345538,656715,231295,576458,0.541599543,-2.51550426,-0.207934106,-1.579117276,8.469168226,2.959498793,2.103488943,2.188654765
156,97.0517034,71.43175814,119.4528215,147.084007,144.0108357,532846,412563,778439,231295,795143,-0.908981044,-3.575537163,-1.176193713,1.58475159,7.449599331,2.959498793,2.103488943,2.188654765
157,96.55654481,71.57523596,120.5529765,149.3880616,147.3817632,537491,403664,782150,287897,685923,-2.309046661,-3.855837701,-3.197839983,3.129373464,8.787023871,2.959498793,2.103488943,2.188654765
158,96.2573606,70.67617352,119.7402664,149.9943647,145.1707594,578692,345538,732476,315778,853723,-1.533089129,-4.747326559,-5.051793069,2.321808917,7.636147208,2.959498793,2.103488943,2.188654765
159,95.34325815,70.94809391,119.6922474,150.1439381,143.4608289,510828,345538,541290,231295,713161,-2.471659683,-2.990262546,-4.540007995,1.152911993,5.382273315,2.959498793,2.103488943,2.188654765
160,95.18195206,70.33634885,121.6279932,152.3295231,139.3467279,510828,345538,541290,231295,599110,-3.235376314,-3.914120504,-3.052125873,3.482602436,1.215677608,2.959498793,2.103488943,2.188654765
161,94.30882949,69.34074017,120.3112442,152.2466833,136.2060165,510828,345538,612481,279058,837813,-4.638208894,-5.77828031,-3.262807144,6.394891327,-2.790836639,2.959498793,2.103488943,2.188654765
162,93.44934883,68.68742218,120.8038665,152.476519,134.679177,580927,357981,671219,250822,984961,-5.092200195,-5.916886298,-4.08203418,7.05927001,-5.50048746,2.959498793,2.103488943,2.188654765
163,93.70257463,68.35062549,120.2902947,156.0235023,137.5976121,575623,345538,586861,235758,966459,-5.544529126,-7.048514131,-2.23074826,7.721935917,-3.869436349,2.959498793,2.103488943,2.188654765
164,92.46574637,68.94303116,122.0644545,153.7204244,139.4200887,510828,345538,541290,244103,771367,-6.497510537,-6.419547319,2.288099815,5.48961098,-1.012306415,2.959498793,2.103488943,2.188654765
165,94.09453942,68.21370853,120.1780654,155.9257828,140.0459604,510828,345538,541290,231295,588195,-3.527001569,-6.054546412,-1.285388323,7.846781775,-2.975224145,2.959498793,2.103488943,2.188654765
166,94.73036414,68.47355337,121.053803,153.2585855,142.4155109,610891,352331,621430,247936,576458,-2.391858333,-4.141301917,1.340262636,4.197994474,-1.10778108,2.959498793,2.103488943,2.188654765
167,96.0101828,68.35152958,121.0149882,150.2234134,143.6072209,606456,345538,641839,302651,672538,-0.56584669,-4.503940975,0.383243662,0.559182465,-2.561064694,2.959498793,2.103488943,2.188654765
168,96.70061246,68.3319324,123.4622847,149.6596908,144.9227401,608805,345538,545392,335634,691937,0.460486205,-3.316876109,3.108409879,-0.223124342,-0.17084656,2.880723322,2.103488943,1.924477385
169,95.72748615,68.34183381,123.1380655,150.2107277,144.1006861,510828,345538,541290,256393,576458,0.402994406,-3.673474448,2.87889833,0.044483697,0.446015232,2.880723322,2.103488943,1.924477385
170,95.68702751,68.92669371,122.2561699,147.1158266,148.1823892,510828,345538,541290,231295,576458,0.530642037,-2.004163085,0.516473796,-3.422643487,6.340774201,2.880723322,2.103488943,1.924477385
171,97.2235279,68.07885979,123.7845346,146.2327216,148.8285424,510828,345538,541290,260241,869569,3.090589103,-1.819825369,2.88692087,-3.95014294,9.267230833,2.880723322,2.103488943,1.924477385
172,97.6337926,67.94907098,122.1608445,144.9945536,146.7114619,538146,396823,555455,272249,791098,4.47776664,-1.07494383,1.123290219,-4.90696232,8.93403507,2.880723322,2.103488943,1.924477385
173,96.85165636,67.92949866,120.6985201,146.4287654,150.2393917,545934,345538,626528,279456,803675,3.3607206,-0.616127253,0.339366919,-6.149545871,9.187499299,2.880723322,2.103488943,1.924477385
174,96.33961815,68.11466108,121.80976,147.4631182,150.4473274,510828,345538,541290,231295,691535,4.189520913,-1.201528364,-0.208655785,-4.070575646,7.909361422,2.880723322,2.103488943,1.924477385
175,97.21240016,68.46445478,119.2483829,149.2971635,152.6061946,510828,345538,541290,231295,576458,3.313540573,0.367589246,-0.773587566,-4.251137435,8.968651478,2.880723322,2.103488943,1.924477385
176,96.51251624,68.51476542,120.7316729,148.9904319,155.2534939,559209,345538,629578,260845,657560,1.881289191,0.060186815,-0.266104925,-2.78493602,9.014455612,2.880723322,2.103488943,1.924477385
177,99.10371416,68.01073422,117.9041443,149.7022767,157.0669519,611727,345538,601155,236783,720684,3.22208673,-0.498592137,-2.570626906,-0.34690778,9.372600384,2.880723322,2.103488943,1.924477385
178,98.95772253,69.01449429,115.2269191,151.2132291,155.5930895,716338,352577,717855,231295,789737,2.334121793,0.998891539,-6.670349285,1.038047264,7.362784733,2.880723322,2.103488943,1.924477385
179,100.918788,70.40984586,113.7483716,150.2172037,157.7600715,571763,345538,693808,231295,577701,5.423000257,3.025982669,-7.625338144,0.004311261,9.479056501,2.880723322,2.103488943,1.924477385
180,100.5958291,70.40245324,113.8479895,146.5057412,157.7529113,510828,354472,575807,231295,576458,5.130059613,2.1410566,-6.877510092,-0.414697361,6.458609629,2.880723322,2.103488943,1.924477385
181,99.95279041,70.08771439,116.805099,144.1672663,159.8307207,510828,345538,541290,282800,576458,2.807203735,2.950775917,-5.638374472,-1.412444052,7.392519005,2.880723322,2.103488943,1.924477385
182,99.74722438,69.92168641,118.4752289,144.9250905,161.3120433,510828,345538,767711,333470,682844,2.164651935,2.903079321,-3.01701877,-0.0479074,9.951902332,2.880723322,2.103488943,1.924477385
183,100.901429,69.72246316,117.2559899,142.9351871,159.245174,510828,345538,746299,335407,644008,4.181418054,2.63944905,-2.852172658,-2.385855176,5.994288343,2.880723322,2.103488943,1.924477385
184,104.2781655,70.61118861,114.5704356,140.5276756,160.4987662,510828,345538,600488,271834,590214,8.240169019,3.665183799,-5.943139864,-4.703171009,6.68103513,2.880723322,2.103488943,1.924477385
185,105.0007,71.01767457,114.1073979,140.3935643,161.3630933,510828,345538,541290,243688,576458,8.011632053,3.729263303,-4.311156951,-5.963676088,5.738232817,2.880723322,2.103488943,1.924477385
186,105.2096384,69.5102584,113.699412,138.9061743,161.8441996,558630,345538,541290,231295,576458,9.011393007,1.452961219,-5.824702625,-6.76839276,4.245125525,2.880723322,2.103488943,1.924477385
187,108.7635059,69.78961868,113.1294972,140.7313912,163.1178323,510828,447468,541290,234235,576458,9.747154064,2.615593667,-4.049600723,-5.992484352,3.852421152,2.880723322,2.103488943,1.924477385
188,109.3679343,70.23380921,117.3113703,138.7127689,164.3769925,722431,380632,541290,269418,588693,10.51985784,1.766751939,1.80899677,-8.26677683,5.645432577,2.880723322,2.103488943,1.924477385
189,108.3705472,70.62799014,115.473536,138.0297231,163.6239077,510828,345538,681821,243282,576458,7.383916659,0.309820713,1.516649746,-8.113238879,3.71693298,2.880723322,1.493067118,1.585311693
190,109.614957,71.27587968,113.0203086,138.2275801,161.8066038,510828,345538,548764,231295,576458,8.965707636,1.240619335,-0.727005272,-5.650400458,2.56964671,2.880723322,1.493067118,1.585311693
191,108.2245879,71.12887718,112.4469734,142.8970172,162.9334994,575499,373532,717161,231295,632715,8.275704454,1.485513963,-3.731109086,-0.881093991,1.941290545,2.880723322,1.493067118,1.585311693
192,106.7158436,70.73773742,114.4949688,147.0549513,158.8970622,559244,345538,639166,317102,683430,6.986278798,1.167092868,-3.359571532,1.469628718,-1.49708663,2.880723322,1.493067118,1.585311693
193,104.6542645,72.05655847,115.3079238,145.4487353,160.2600219,644992,345538,673284,360541,781267,3.719308602,3.347694849,-1.661378808,1.758523031,0.637286414,2.880723322,1.493067118,1.585311693
194,101.8014506,72.06330424,116.0003461,147.3635417,157.7152758,562749,346733,541290,274496,576458,-2.375104075,2.0564951,1.248062399,4.864426922,-1.734275241,2.880723322,1.493067118,1.585311693
195,101.9839498,71.4159237,116.5471254,145.7040817,156.710151,568582,345538,541290,231295,576458,-2.873076262,0.560774665,2.138097578,3.782593186,-2.883523263,2.880723322,1.493067118,1.585311693
196,100.9778034,71.88194166,118.3410682,145.3446787,156.817784,549662,345538,541290,251367,612717,-4.022288306,3.411990292,4.082392485,4.635146284,-3.105712581,2.880723322,1.493067118,1.585311693
197,99.49504966,71.6739326,118.2700852,150.6491901,154.0881016,594730,345538,556782,231295,576458,-8.521660022,2.699991706,4.543985526,7.047325236,-5.53571034,2.880723322,1.493067118,1.585311693
198,101.1682113,72.38249913,118.8791182,154.3508419,155.0091237,687375,345538,541290,369816,729976,-7.497373869,3.059338443,1.336398929,11.27370834,-5.699014595,2.880723322,1.493067118,1.585311693
199,101.6840314,72.34703878,121.4822911,156.7504404,153.4896654,568817,345538,541290,314567,601545,-6.170048882,2.433948117,5.203577586,13.56281593,-6.193619502,2.884056596,1.493067118,1.585311693
200,100.3313142,72.20895667,119.8290258,156.7250518,156.5437271,510828,345538,541290,266277,576458,-8.469321247,1.309106231,6.024330703,13.38189646,-3.252572234,2.884056596,1.493067118,1.585311693
201,99.92393785,72.18217463,119.9852349,158.6314235,151.0757767,601712,345538,642305,234708,769539,-7.669837545,1.480829581,6.703836733,11.01101103,-7.277645602,2.884056596,1.493067118,1.585311693
202,99.35898531,72.33488301,122.5656475,157.7045919,146.657487,577581,345538,577656,231295,1102465,-6.893876314,2.257840936,7.048937445,7.241946348,-7.702832935,2.884056596,1.493067118,1.585311693
203,100.1100143,71.88936392,120.0825122,156.4958908,146.2401881,578079,345538,733276,231295,1200648,-4.342154878,-0.232032378,4.140728843,7.595222794,-8.748179147,2.884056596,1.493067118,1.585311693
204,99.5430751,70.35447915,122.0084013,159.2992756,147.7717785,510828,345538,658410,231295,907107,-2.218411871,-2.371283294,5.179342529,8.099516192,-6.304714132,2.884056596,1.493067118,1.585311693
205,98.40561656,70.21871352,122.0317998,160.6902623,149.3559205,510828,354212,541290,231295,665640,-3.508721944,-1.676391079,4.705971347,10.285354,-4.692887093,2.884056596,1.493067118,1.585311693
206,97.70998916,70.28036391,123.0343507,163.9658361,151.0437092,604049,345538,541290,231295,759752,-3.236170855,-2.228066909,3.965894974,12.81172284,-3.68202802,2.884056596,1.493067118,1.585311693
207,98.63189606,70.34366218,126.1378074,164.9834239,149.0068892,584554,345538,541290,297857,787695,-0.867534218,-1.856003115,6.6523349,9.514975722,-3.297602064,2.884056596,1.493067118,1.585311693
208,100.223912,70.8331492,125.2010363,164.0383096,149.720106,594898,345538,663463,312635,871434,-0.933395337,-2.140503504,5.317938214,6.276264892,-3.412068617,2.884056596,1.493067118,1.585311693
209,100.8115366,70.97707531,125.9182154,167.9332035,152.2974368,527480,345538,541290,242484,638170,-0.858045113,-1.893599923,3.651498784,7.134119106,-0.776748422,2.884056596,1.493067118,1.585311693
210,101.1028641,71.64245743,123.6957546,168.942526,156.7401903,510828,345538,541290,231295,576458,0.76900215,-0.784527661,3.226871639,7.795482651,0.125500521,2.884056596,1.493067118,1.625640358
211,100.9470675,71.05246676,122.3236711,166.5995549,154.8122498,510828,345538,623215,245278,780944,1.023908426,-1.565078743,1.9489367,5.023047287,2.473244305,2.884056596,1.493067118,1.625640358
212,100.6312014,70.08374997,122.3906734,168.7431937,152.6131658,510828,347459,600844,249274,902568,1.280423832,-3.112098826,-0.142759536,6.999543656,4.060944295,2.884056596,1.493067118,1.625640358
213,102.3851685,70.44228649,124.6457418,167.3757763,154.7066732,543211,359239,541290,269031,1038494,2.272653975,-2.012922854,3.800078338,6.952186049,5.789438088,2.884056596,1.493067118,1.625640358
214,101.2675132,71.07026616,125.0563228,168.7326446,151.8619516,510828,345538,541290,231295,794764,1.732353659,1.017400777,2.498124228,5.921790266,2.76789867,2.884056596,1.493067118,1.625640358
215,100.3762726,71.4950675,123.0352468,169.8975517,148.6163054,510828,345538,541290,231295,762596,2.002584903,1.817683504,0.822283217,5.729836555,-0.495203065,2.884056596,1.493067118,1.625640358
216,101.3881853,70.63798191,124.2597681,171.4468975,146.994457,510828,345538,557938,231295,961997,3.764401354,0.508844843,0.995996179,4.562573266,-2.680847965,2.884056596,1.493067118,1.625640358
217,102.1133757,70.82675643,123.1321591,169.2567277,142.5021532,539553,354024,561530,231295,990840,3.529770607,0.686763006,-2.382829045,2.590141271,-4.365392765,2.884056596,1.493067118,1.625640358
218,102.5852388,69.74794817,123.3699152,168.7732807,144.0546946,519657,345538,566132,248457,1087473,2.356051305,-1.532052504,-1.462544692,2.886503219,-3.784001765,2.884056596,1.493067118,1.625640358
219,102.3351891,69.5278046,124.9921429,169.6455929,144.789362,510828,345538,541290,231295,902051,1.511387058,-2.04188564,-0.73545556,1.019684836,-4.929876066,2.884056596,1.493067118,1.625640358
220,102.9394318,68.48968054,126.6889712,171.1566214,142.4837923,510828,345538,541290,231295,668751,1.816533801,-4.400710134,2.419821612,1.310561309,-9.095560011,2.884056596,1.493067118,1.625640358
221,102.7537971,68.47044484,126.4211775,172.0361305,145.7658914,510828,345834,555418,261385,815458,1.789779168,-3.633965199,3.349724817,3.263259398,-5.843438314,2.884056596,1.493067118,1.625640358
222,104.0494022,67.5978991,127.8335573,175.2448769,146.673776,511838,345538,541290,271414,1027721,3.39676035,-3.546971826,4.447139455,3.853004726,-3.891793876,2.884056596,1.493067118,1.625640358
223,105.370926,68.95617828,130.1766063,175.9488704,149.1358073,531575,375495,614970,337597,1043925,2.916201154,-2.109681955,4.437267124,5.122063859,-3.600921518,2.884056596,1.493067118,1.625640358
224,105.6210901,68.97870331,129.4135984,179.7915105,147.2234627,510828,369016,560153,237232,885199,4.299085464,-2.942950637,3.484250511,6.55407605,-3.05441148,2.884056596,1.493067118,1.625640358
225,107.4766353,69.32820235,126.3243343,180.8004622,142.4147019,510828,345538,541290,238774,681011,7.073746193,-3.030789707,2.673288858,6.417344143,-4.172895744,2.884056596,1.493067118,1.625640358
226,108.2932691,69.94082781,125.054498,181.2164231,146.9067407,528175,345538,760780,250764,911555,6.810540852,-0.986939436,0.63957135,5.698280763,-0.059673236,2.884056596,1.493067118,1.625640358
227,107.7899739,69.22065924,128.3694532,186.1705015,146.9256149,542675,345538,724908,244973,1092291,5.559113202,-2.267641877,4.253392562,9.992969886,3.104136718,2.884056596,1.493067118,1.625640358
228,109.0780344,70.14655154,126.7374904,185.0975233,149.8336815,510828,371872,911154,321575,879288,6.329171464,0.571491186,2.729656737,9.672290873,4.011661648,2.819887659,1.493067118,1.625640358
229,111.1900293,70.54388779,124.8337477,190.2378977,148.5917822,510828,345538,725875,231295,774295,8.652781389,1.461405538,-0.126724158,12.13842602,2.626173747,2.819887659,1.493067118,1.625640358
230,110.8923639,70.78972395,128.2932069,192.5670625,149.5858913,510828,345538,564430,231295,621681,7.725836355,3.358233515,1.266278856,12.5092684,4.984496063,2.819887659,1.493067118,1.625640358
231,111.5514396,70.83401402,129.5739264,186.2689248,148.9000944,510828,345538,721962,256927,665520,8.561866095,3.451955344,2.49384554,8.273142517,2.150162078,2.819887659,1.493067118,1.800277197
232,111.9351979,70.04711186,130.4711651,185.8709786,153.1157414,510828,345538,756149,370232,592760,7.578895781,3.62320839,2.063314088,6.063573384,4.392036254,2.819887659,1.493067118,1.800277197
233,113.9537278,69.7401012,130.151666,185.8042571,152.0382911,510828,365665,719913,356336,825563,8.145322572,1.136842173,-0.019158804,5.601278709,1.946201813,2.819887659,1.493067118,1.800277197
234,114.2947141,69.23611903,127.6311749,187.481358,153.5799949,510828,345538,541290,232245,576458,8.212019001,0.373181435,-1.377307708,4.277091555,4.317608075,2.819887659,1.493067118,1.800277197
235,113.4026276,69.86205214,126.2546851,188.2369477,155.6058063,510828,345538,541290,231295,576458,5.513749296,0.770032651,-0.055135233,4.113089876,9.262459686,2.819887659,1.493067118,1.800277197
236,113.4636383,70.19089101,125.1437696,187.8630665,155.1158949,510828,345538,588842,231295,590103,4.774414224,0.357535363,0.071386132,3.667793092,5.588003788,2.819887659,1.493067118,1.800277197
237,112.6479889,70.08164211,121.823985,186.7455235,154.4312314,510828,345538,578325,231295,581634,4.506926578,1.243823562,-5.098929733,0.308868476,5.108446565,2.819887659,1.493067118,1.800277197
238,112.44278,69.92743651,121.7167855,188.0815015,156.6044552,510828,345538,778667,231295,576458,3.084714135,-0.312367513,-3.961499361,1.612111369,4.518859571,2.819887659,1.493067118,1.800277197
239,111.7610061,69.11821404,119.5479549,186.9859164,155.751173,510828,345538,541290,231295,576458,0.51351444,-2.020974166,-4.234265848,-1.709428731,4.818160686,2.819887659,1.493067118,1.800277197
240,110.9320757,68.25450144,118.6175395,187.5601529,157.2428498,510828,345538,541290,231295,576458,0.035811151,-3.581342551,-7.541839254,-2.600086195,5.11877053,2.819887659,1.493067118,1.800277197
241,110.3632295,67.98846674,116.731938,187.6028057,155.1558942,538221,345538,541290,231295,656367,-1.06516785,-4.01720462,-9.910935613,0.716104935,4.201340382,2.819887659,1.493067118,1.800277197
242,111.1486723,66.8184853,116.024194,188.4835708,155.6264018,510828,345538,641222,231295,764157,-0.702661572,-4.609221519,-11.0729226,1.405594439,1.639714079,2.819887659,1.493067118,1.800277197
243,114.5366171,67.0659825,114.02673,188.3637762,151.3226406,510828,371459,612092,231295,774331,0.511514001,-3.834406097,-12.38934279,1.377535273,-0.470704153,2.819887659,1.493067118,1.800277197
244,114.5297807,66.53137904,115.88569,187.0904804,151.0567228,525566,345538,541290,231295,808326,0.205667016,-3.906544769,-9.202677118,-0.208488792,-1.642969208,2.819887659,1.493067118,1.800277197
245,113.8476351,67.69289516,115.2530977,191.8680191,153.0345251,510828,345538,541290,231295,617401,0.392413754,-3.1049145,-8.713805266,1.928989719,-1.652432641,2.819887659,1.493067118,1.800277197
246,114.543453,67.95451816,116.0632806,187.0869998,152.3753526,542393,435246,541290,280082,731285,0.95168347,-3.186129729,-7.256045608,-0.413102356,-1.766770773,2.819887659,1.493067118,1.800277197
247,115.689882,67.93331311,113.2667482,187.0676304,156.5621373,514391,354980,563041,369979,719748,2.700352849,-3.065466126,-7.024262682,0.172484391,1.379841261,2.819887659,1.493067118,1.800277197
248,117.3590182,67.9032432,115.1832865,186.2657144,152.4023258,510828,345538,660922,316487,860032,4.372213359,-2.894705432,-5.367787954,-0.965425692,-2.683275763,2.819887659,1.493067118,1.800277197
249,116.2912899,68.96728302,114.6513269,185.7746126,151.6927059,510828,345538,541290,244462,763783,4.053545933,-0.218366496,-4.095953035,-0.647804844,-2.60573777,2.819887659,1.493067118,1.800277197
250,118.8108947,70.09220353,119.2010128,185.4942181,152.4192089,510828,345538,541290,231295,576458,7.102381286,2.692426206,0.491894671,-1.101478506,-3.067637644,2.819887659,1.493067118,1.800277197
251,116.9827715,71.13195567,116.8133996,186.1537981,149.8049034,564078,389912,925238,231295,576458,5.99795965,4.623562024,0.069785231,-0.772380596,-3.448783435,2.819887659,1.493067118,1.800277197
